BS3_DSS_heavy12_extended,HDAC1,88,HDAC1,438
BS3_DSS_heavy12_extended,HDAC1,89,MBD3,23
BS3_DSS_heavy12_extended,HDAC1,88,MBD3,46
BS3_DSS_heavy12_extended,HDAC1,89,MBD3,46
BS3_DSS_heavy12_extended,HDAC1,89,MBD3,45
BS3_DSS_heavy12_extended,HDAC1,87,HDAC1,412
BS3_DSS_heavy12_extended,HDAC1,89,HDAC1,412
BS3_DSS_heavy12_extended,HDAC1,89,MBD3,68
BS3_DSS_heavy12_extended,HDAC1,89,HDAC1,74
BS3_DSS_heavy12_extended,HDAC1,89,HDAC1,74
BS3_DSS_heavy12_extended,HDAC1,87,HDAC1,74
BS3_DSS_extended,HDAC1,74,MTA1,560
BS3_DSS_extended,HDAC1,74,MBD3,45
BS3_DSS_heavy12_extended,HDAC1,74,MBD3,46
BS3_DSS_extended,HDAC1,242,HDAC1,283
BS3_DSS_extended,HDAC1,412,HDAC1,432
BS3_DSS_extended,HDAC1,409,HDAC1,438
BS3_DSS_extended,HDAC1,410,HDAC1,438
BS3_DSS_extended,HDAC1,412,HDAC1,438
BS3_DSS_heavy12_extended,HDAC1,87,MTA1,172
BS3_DSS_heavy12_extended,HDAC1,88,MTA1,172
BS3_DSS_heavy12_extended,HDAC1,85,HDAC1,74
BS3_DSS_extended,HDAC1,88,HDAC1,74
BS3_DSS_heavy12_extended,HDAC1,87,MBD3,45
BS3_DSS_extended,HDAC1,88,MTA1,560
BS3_DSS_extended,HDAC1,89,MTA1,172
BS3_DSS_heavy12_extended,HDAC1,87,MTA1,560
BS3_DSS_extended,HDAC1,87,MTA1,559
BS3_DSS_extended,HDAC1,89,MTA1,559
BS3_DSS_extended,HDAC1,87,MBD3,46
BS3_DSS_heavy12_extended,HDAC1,88,MTA1,559
BS3_DSS_extended,HDAC1,89,MTA1,560
BS3_DSS_extended,HDAC1,88,HDAC1,72
BS3_DSS_heavy12_extended,HDAC1,89,MTA1,582
BS3_DSS_extended,HDAC1,88,MTA1,582
BS3_DSS_extended,HDAC1,87,HDAC1,74
BS3_DSS_heavy12_extended,HDAC1,144,MTA1,172
BS3_DSS_heavy12_extended,HDAC1,412,MTA1,560
DMTMM,HDAC1,74,MBD3,257
DMTMM,HDAC1,74,MBD3,259
DMTMM,HDAC1,74,MBD3,257
ADH,HDAC1,450,HDAC1,471
BS3_DSS_extended,HDAC1,85,HDAC1,72
BS3_DSS_extended,HDAC1,406,HDAC1,438
BS3_DSS_extended,HDAC1,85,HDAC1,74
BS3_DSS_extended,HDAC1,65,MTA1,193
BS3_DSS_extended,HDAC1,89,MBD3,24
BS3_DSS_extended,HDAC1,31,MTA1,343
BS3_DSS_heavy12_extended,HDAC1,31,MTA1,343
BS3_DSS_extended,HDAC1,87,HDAC1,406
BS3_DSS_extended,HDAC1,89,HDAC1,406
BS3_DSS_heavy12_extended,HDAC1,88,HDAC1,476
BS3_DSS_extended,HDAC1,89,HDAC1,476
BS3_DSS_heavy12_extended,HDAC1,88,HDAC1,50
BS3_DSS_heavy12_extended,HDAC1,22,MTA1,343
BS3_DSS_extended,HDAC1,23,MTA1,343
BS3_DSS_heavy12_extended,HDAC1,13,HDAC1,50
BS3_DSS_extended,HDAC1,10,HDAC1,50
BS3_DSS_heavy12_extended,HDAC1,89,MBD3,66
BS3_DSS_heavy12_extended,HDAC1,88,MBD3,68
BS3_DSS_heavy12_extended,HDAC1,31,MTA1,343
BS3_DSS_heavy12_extended,HDAC1,31,MTA1,343
BS3_DSS_extended,HDAC1,126,MTA1,193
BS3_DSS_extended,HDAC1,126,MTA1,186
BS3_DSS_heavy12_extended,HDAC1,31,MBD3,45
BS3_DSS_extended,HDAC1,31,MTA1,343
BS3_DSS_heavy12_extended,HDAC1,31,MTA1,343
BS3_DSS_extended,HDAC1,23,MTA1,343
BS3_DSS_extended,HDAC1,31,MTA1,343
BS3_DSS_heavy12_extended,HDAC1,89,MBD3,39
BS3_DSS_heavy12_extended,HDAC1,88,MBD3,41
BS3_DSS_extended,HDAC1,88,MBD3,39
BS3_DSS_heavy12_extended,HDAC1,24,MTA1,343
BS3_DSS_extended,HDAC1,31,MTA1,343
BS3_DSS_extended,HDAC1,31,MBD3,45
BS3_DSS_extended,HDAC1,87,MTA1,554
BS3_DSS_extended,HDAC1,88,HDAC1,74
BS3_DSS_heavy12_extended,HDAC1,89,MBD3,41
BS3_DSS_extended,HDAC1,74,HDAC1,85
BS3_DSS_heavy12_extended,HDAC1,74,HDAC1,87
BS3_DSS_heavy12_extended,HDAC1,72,HDAC1,89
BS3_DSS_heavy12_extended,HDAC1,74,HDAC1,89
BS3_DSS_extended,HDAC1,69,HDAC1,87
BS3_DSS_extended,HDAC1,126,HDAC1,65
BS3_DSS_heavy12_extended,HDAC1,361,HDAC1,406
BS3_DSS_heavy12_extended,HDAC1,31,MTA1,305
BS3_DSS_extended,HDAC1,31,MTA1,303
BS3_DSS_heavy12_extended,HDAC1,89,MBD3,92
BS3_DSS_extended,HDAC1,74,HDAC1,88
BS3_DSS_extended,HDAC1,88,MBD3,92
BS3_DSS_heavy12_extended,HDAC1,87,MBD3,4
BS3_DSS_extended,HDAC1,89,MBD3,4
BS3_DSS_heavy12_extended,HDAC1,22,MTA1,305
BS3_DSS_extended,HDAC1,31,MTA1,305
BS3_DSS_heavy12_extended,HDAC1,221,MTA1,87
BS3_DSS_extended,HDAC1,24,MTA1,305
BS3_DSS_extended,HDAC1,220,HDAC1,406
BS3_DSS_heavy12_extended,HDAC1,126,MTA1,197
BS3_DSS_heavy12_extended,HDAC1,31,MTA1,305
BS3_DSS_extended,HDAC1,31,MTA1,303
BS3_DSS_heavy12_extended,HDAC1,222,MTA1,88
BS3_DSS_extended,HDAC1,220,MTA1,87
BS3_DSS_heavy12_extended,HDAC1,242,HDAC1,283
BS3_DSS_extended,HDAC1,242,HDAC1,283
BS3_DSS_extended,HDAC1,222,HDAC1,200
BS3_DSS_extended,HDAC1,113,HDAC1,88
BS3_DSS_heavy12_extended,HDAC1,113,HDAC1,89
BS3_DSS_heavy12_extended,HDAC1,85,MBD3,45
BS3_DSS_heavy12_extended,HDAC1,88,MBD3,45
BS3_DSS_extended,HDAC1,88,MTA1,87
BS3_DSS_extended,HDAC1,126,MTA1,193
BS3_DSS_heavy12_extended,HDAC1,74,HDAC1,87
BS3_DSS_heavy12_extended,HDAC1,72,HDAC1,87
BS3_DSS_extended,HDAC1,89,HDAC1,72
BS3_DSS_extended,HDAC1,74,MBD3,45
BS3_DSS_heavy12_extended,HDAC1,89,HDAC1,72
BS3_DSS_heavy12_extended,HDAC1,74,MTA1,172
BS3_DSS_heavy12_extended,HDAC1,88,MTA1,104
BS3_DSS_extended,MBD3,46,MBD3,17
BS3_DSS_extended,MBD3,109,MBD3,129
BS3_DSS_heavy12_extended,MBD3,109,MBD3,46
BS3_DSS_extended,MBD3,109,MTA1,237
BS3_DSS_extended,MBD3,106,MTA1,230
BS3_DSS_extended,MBD3,109,MTA1,230
BS3_DSS_heavy12_extended,MBD3,109,MTA1,231
BS3_DSS_heavy12_extended,MBD3,109,MBD3,92
BS3_DSS_heavy12_extended,MBD3,4,MBD3,23
BS3_DSS_heavy12_extended,MBD3,17,MBD3,4
BS3_DSS_heavy12_extended,MBD3,45,MBD3,23
BS3_DSS_extended,MBD3,45,MBD3,17
BS3_DSS_extended,MBD3,106,MBD3,92
BS3_DSS_heavy12_extended,MBD3,106,MBD3,92
BS3_DSS_extended,MBD3,92,P66A,163
DMTMM,MBD3,46,MTA1,28
BS3_DSS_extended,MBD3,144,MBD3,125
BS3_DSS_extended,MBD3,142,MBD3,125
BS3_DSS_heavy12_extended,MBD3,144,MBD3,46
BS3_DSS_extended,MBD3,46,MBD3,24
BS3_DSS_extended,MBD3,129,MBD3,45
BS3_DSS_extended,MBD3,227,MBD3,27
BS3_DSS_heavy12_extended,MBD3,109,MBD3,27
BS3_DSS_extended,MBD3,125,MBD3,27
BS3_DSS_heavy12_extended,MBD3,227,MBD3,125
BS3_DSS_extended,MBD3,125,P66A,149
BS3_DSS_extended,MBD3,129,MBD3,66
BS3_DSS_extended,MBD3,66,MBD3,24
BS3_DSS_extended,MBD3,106,MBD3,122
BS3_DSS_heavy12_extended,MBD3,106,MBD3,124
BS3_DSS_heavy12_extended,MBD3,109,MBD3,24
BS3_DSS_extended,MBD3,141,MBD3,27
BS3_DSS_heavy12_extended,MBD3,141,MBD3,124
BS3_DSS_extended,MBD3,106,MBD3,125
BS3_DSS_heavy12_extended,MBD3,109,MBD3,125
BS3_DSS_extended,MBD3,106,MBD3,129
BS3_DSS_heavy12_extended,MBD3,66,P66A,149
BS3_DSS_heavy12_extended,MBD3,90,MBD3,129
BS3_DSS_heavy12_extended,MBD3,41,MBD3,125
BS3_DSS_extended,MBD3,86,MBD3,27
BS3_DSS_extended,MBD3,125,MBD3,92
BS3_DSS_heavy12_extended,MBD3,90,MBD3,129
BS3_DSS_heavy12_extended,MBD3,39,MBD3,24
BS3_DSS_extended,MBD3,90,MBD3,125
BS3_DSS_heavy12_extended,MBD3,90,MBD3,45
BS3_DSS_heavy12_extended,MBD3,109,MBD3,45
BS3_DSS_heavy12_extended,MBD3,113,MBD3,92
BS3_DSS_extended,MBD3,85,MBD3,45
BS3_DSS_extended,MBD3,86,MBD3,45
BS3_DSS_heavy12_extended,MBD3,85,MBD3,68
BS3_DSS_extended,MBD3,129,MBD3,141
BS3_DSS_extended,MBD3,86,MBD3,68
BS3_DSS_heavy12_extended,MBD3,92,MBD3,125
BS3_DSS_heavy12_extended,MBD3,106,MBD3,66
BS3_DSS_extended,MBD3,106,MBD3,68
BS3_DSS_extended,MBD3,92,MBD3,66
BS3_DSS_extended,MBD3,141,MBD3,45
BS3_DSS_extended,MBD3,92,MBD3,227
BS3_DSS_extended,MBD3,90,MBD3,106
BS3_DSS_extended,MBD3,90,MBD3,39
BS3_DSS_heavy12_extended,MBD3,210,P66A,172
BS3_DSS_heavy12_extended,MBD3,227,MBD3,141
BS3_DSS_extended,MBD3,4,MBD3,66
BS3_DSS_heavy12_extended,MBD3,92,MBD3,141
BS3_DSS_heavy12_extended,MBD3,56,MBD3,45
BS3_DSS_heavy12_extended,MBD3,144,MBD3,120
BS3_DSS_heavy12_extended,MBD3,144,MBD3,129
BS3_DSS_extended,MBD3,144,P66A,172
BS3_DSS_extended,MBD3,92,MBD3,45
BS3_DSS_extended,MBD3,142,MBD3,129
BS3_DSS_extended,MBD3,142,MBD3,227
BS3_DSS_extended,MBD3,144,MBD3,24
BS3_DSS_extended,MBD3,144,P66A,149
BS3_DSS_heavy12_extended,MBD3,142,MBD3,106
BS3_DSS_extended,MBD3,144,MBD3,92
BS3_DSS_extended,MBD3,142,P66A,163
BS3_DSS_extended,MBD3,116,MBD3,45
BS3_DSS_extended,MBD3,113,MBD3,124
BS3_DSS_extended,MBD3,124,MBD3,45
BS3_DSS_extended,MBD3,27,MBD3,46
BS3_DSS_extended,MBD3,27,MBD3,45
BS3_DSS_heavy12_extended,MBD3,24,MBD3,45
BS3_DSS_extended,MBD3,24,MBD3,46
BS3_DSS_heavy12_extended,MBD3,24,MBD3,68
BS3_DSS_heavy12_extended,MBD3,45,MBD3,27
BS3_DSS_extended,MBD3,125,MBD3,45
BS3_DSS_extended,MBD3,124,MBD3,45
BS3_DSS_extended,MBD3,66,MBD3,45
BS3_DSS_heavy12_extended,MBD3,39,MBD3,27
BS3_DSS_extended,MBD3,144,MBD3,45
BS3_DSS_extended,MBD3,124,MBD3,24
BS3_DSS_extended,MBD3,122,HDAC1,78
BS3_DSS_extended,MBD3,120,MBD3,45
BS3_DSS_heavy12_extended,MBD3,66,MBD3,124
BS3_DSS_heavy12_extended,MBD3,122,MBD3,45
BS3_DSS_heavy12_extended,MBD3,129,MBD3,24
BS3_DSS_extended,MBD3,66,MBD3,27
BS3_DSS_extended,MBD3,68,MBD3,124
BS3_DSS_extended,MBD3,125,MBD3,24
BS3_DSS_extended,MBD3,113,MBD3,129
BS3_DSS_heavy12_extended,MBD3,85,MBD3,45
BS3_DSS_heavy12_extended,MBD3,45,MBD3,24
BS3_DSS_extended,MBD3,125,MBD3,45
BS3_DSS_extended,MBD3,113,MBD3,45
BS3_DSS_extended,MBD3,68,MBD3,24
BS3_DSS_extended,MBD3,116,MBD3,45
BS3_DSS_extended,MBD3,83,MBD3,45
BS3_DSS_extended,MBD3,66,MBD3,46
BS3_DSS_extended,MBD3,125,MBD3,68
BS3_DSS_heavy12_extended,MBD3,109,MBD3,124
BS3_DSS_extended,MBD3,39,MBD3,124
BS3_DSS_heavy12_extended,MBD3,68,MBD3,45
BS3_DSS_extended,MBD3,45,P66A,146
BS3_DSS_extended,MBD3,41,MBD3,27
BS3_DSS_extended,MBD3,92,MBD3,120
BS3_DSS_extended,MBD3,73,MBD3,45
BS3_DSS_extended,MBD3,85,MBD3,27
BS3_DSS_heavy12_extended,MBD3,85,P66A,168
BS3_DSS_extended,MBD3,68,P66A,149
BS3_DSS_extended,MBD3,86,P66A,172
BS3_DSS_heavy12_extended,MBD3,92,MBD3,124
BS3_DSS_heavy12_extended,MBD3,106,MBD3,24
BS3_DSS_heavy12_extended,MBD3,41,MBD3,24
BS3_DSS_extended,MBD3,90,MBD3,45
BS3_DSS_extended,MBD3,92,MBD3,24
BS3_DSS_heavy12_extended,MBD3,4,MBD3,45
BS3_DSS_extended,MBD3,92,MBD3,45
BS3_DSS_extended,MBD3,85,MBD3,106
BS3_DSS_extended,MBD3,52,MBD3,39
BS3_DSS_extended,MBD3,142,MBD3,27
BS3_DSS_heavy12_extended,MBD3,144,MBD3,124
BS3_DSS_extended,MBD3,144,MBD3,129
BS3_DSS_extended,MBD3,142,MBD3,45
BS3_DSS_extended,MBD3,142,MBD3,46
BS3_DSS_extended,MBD3,27,MBD3,124
BS3_DSS_extended,MBD3,124,MBD3,24
BS3_DSS_extended,MBD3,129,P66A,172
BS3_DSS_heavy12_extended,MBD3,125,MBD3,114
BS3_DSS_heavy12_extended,MBD3,124,MBD3,113
BS3_DSS_extended,MBD3,129,MBD3,113
BS3_DSS_heavy12_extended,MBD3,27,MBD3,68
BS3_DSS_extended,MBD3,114,MBD3,125
BS3_DSS_extended,MBD3,129,MBD3,227
BS3_DSS_heavy12_extended,MBD3,109,MBD3,120
BS3_DSS_heavy12_extended,MBD3,109,MBD3,122
BS3_DSS_heavy12_extended,MBD3,41,MBD3,27
BS3_DSS_extended,MBD3,90,MBD3,120
BS3_DSS_extended,MBD3,41,MBD3,24
BS3_DSS_heavy12_extended,MBD3,41,MBD3,120
BS3_DSS_heavy12_extended,MBD3,90,MBD3,24
BS3_DSS_extended,MBD3,113,MBD3,124
BS3_DSS_extended,MBD3,24,MBD3,45
BS3_DSS_heavy12_extended,MBD3,124,MBD3,109
BS3_DSS_extended,MBD3,113,MBD3,124
BS3_DSS_heavy12_extended,MBD3,90,MBD3,124
BS3_DSS_extended,MBD3,129,MBD3,109
BS3_DSS_heavy12_extended,MBD3,109,MBD3,129
BS3_DSS_extended,MBD3,113,MBD3,129
BS3_DSS_heavy12_extended,MBD3,113,MBD3,129
BS3_DSS_extended,MBD3,90,MBD3,124
BS3_DSS_extended,MBD3,113,MBD3,24
BS3_DSS_extended,MBD3,90,MBD3,129
BS3_DSS_extended,MBD3,92,MBD3,120
BS3_DSS_extended,MBD3,90,P66A,172
BS3_DSS_heavy12_extended,MBD3,41,HDAC1,88
BS3_DSS_heavy12_extended,MBD3,90,MBD3,124
BS3_DSS_extended,MBD3,37,HDAC1,89
BS3_DSS_extended,MBD3,90,MBD3,27
BS3_DSS_heavy12_extended,MBD3,92,MBD3,27
BS3_DSS_extended,MBD3,90,MBD3,124
BS3_DSS_extended,MBD3,264,MBD3,124
BS3_DSS_heavy12_extended,MBD3,90,P66A,172
BS3_DSS_extended,MBD3,35,MBD3,24
BS3_DSS_extended,MBD3,113,MBD3,125
BS3_DSS_heavy12_extended,MBD3,90,MBD3,129
BS3_DSS_heavy12_extended,MBD3,90,P66A,172
BS3_DSS_heavy12_extended,MBD3,109,MBD3,129
BS3_DSS_heavy12_extended,MBD3,113,MBD3,129
BS3_DSS_extended,MBD3,92,MBD3,122
BS3_DSS_extended,MBD3,114,MBD3,129
BS3_DSS_extended,MBD3,92,P66A,172
BS3_DSS_heavy12_extended,MBD3,92,MBD3,114
BS3_DSS_extended,MBD3,90,MBD3,114
BS3_DSS_heavy12_extended,MBD3,41,HDAC1,89
BS3_DSS_extended,MBD3,41,HDAC1,88
BS3_DSS_extended,MBD3,39,HDAC1,89
BS3_DSS_extended,MBD3,90,MBD3,73
BS3_DSS_heavy12_extended,MBD3,124,MBD3,141
BS3_DSS_extended,MBD3,4,MBD3,27
BS3_DSS_heavy12_extended,MBD3,90,MBD3,24
BS3_DSS_extended,MBD3,90,P66A,172
BS3_DSS_heavy12_extended,MBD3,129,MBD3,141
BS3_DSS_extended,MBD3,90,MBD3,114
BS3_DSS_heavy12_extended,MBD3,113,MBD3,45
BS3_DSS_heavy12_extended,MBD3,124,MBD3,92
BS3_DSS_extended,MBD3,114,MBD3,46
BS3_DSS_heavy12_extended,MBD3,129,MBD3,92
BS3_DSS_extended,MBD3,92,MBD3,45
BS3_DSS_heavy12_extended,MBD3,90,MBD3,68
BS3_DSS_extended,MBD3,90,MBD3,66
BS3_DSS_extended,MBD3,92,MBD3,68
BS3_DSS_heavy12_extended,MBD3,264,MTA1,193
BS3_DSS_heavy12_extended,MBD3,264,MBD3,129
BS3_DSS_extended,MBD3,264,MBD3,125
BS3_DSS_heavy12_extended,MBD3,27,MBD3,45
BS3_DSS_extended,MBD3,24,MBD3,45
BS3_DSS_extended,MBD3,90,MBD3,24
BS3_DSS_extended,MBD3,90,MBD3,227
BS3_DSS_extended,MBD3,264,MTA1,193
BS3_DSS_extended,MBD3,90,MBD3,41
BS3_DSS_extended,MBD3,90,MBD3,66
BS3_DSS_extended,MBD3,90,MBD3,68
BS3_DSS_extended,MBD3,4,P66A,172
BS3_DSS_heavy12_extended,MBD3,39,P66A,149
BS3_DSS_extended,MBD3,264,MBD3,45
BS3_DSS_extended,MBD3,90,HDAC1,89
BS3_DSS_extended,MBD3,92,MBD3,129
BS3_DSS_extended,MBD3,41,MBD3,106
BS3_DSS_extended,MBD3,90,MBD3,27
BS3_DSS_heavy12_extended,MBD3,264,HDAC1,87
BS3_DSS_extended,MBD3,4,MBD3,129
BS3_DSS_extended,MBD3,264,HDAC1,88
BS3_DSS_extended,MBD3,264,HDAC1,89
BS3_DSS_extended,MBD3,90,MBD3,227
BS3_DSS_extended,MBD3,39,MBD3,92
BS3_DSS_extended,MBD3,90,MBD3,41
BS3_DSS_heavy12_extended,MBD3,4,MBD3,24
BS3_DSS_extended,MBD3,90,MBD3,114
BS3_DSS_heavy12_extended,MBD3,4,MTA1,32
BS3_DSS_heavy12_extended,MBD3,4,MBD3,45
BS3_DSS_heavy12_extended,MBD3,90,MBD3,27
BS3_DSS_extended,MBD3,90,P66A,149
BS3_DSS_heavy12_extended,MBD3,4,MBD3,68
BS3_DSS_heavy12_extended,MBD3,86,P66A,146
BS3_DSS_extended,MBD3,4,MBD3,66
BS3_DSS_heavy12_extended,MBD3,4,MBD3,68
BS3_DSS_heavy12_extended,MBD3,264,MBD3,66
BS3_DSS_extended,MBD3,39,MBD3,68
BS3_DSS_heavy12_extended,MBD3,114,MBD3,90
BS3_DSS_heavy12_extended,MBD3,113,MBD3,90
BS3_DSS_extended,MBD3,114,MBD3,86
BS3_DSS_extended,MBD3,221,MBD3,122
BS3_DSS_heavy12_extended,MBD3,90,P66A,146
BS3_DSS_heavy12_extended,MBD3,90,MBD3,109
BS3_DSS_extended,MBD3,90,MBD3,73
BS3_DSS_heavy12_extended,MBD3,90,MBD3,41
BS3_DSS_extended,MBD3,39,MBD3,92
BS3_DSS_extended,MBD3,264,MBD3,90
BS3_DSS_extended,MBD3,90,P66A,149
BS3_DSS_extended,MBD3,90,P66A,163
BS3_DSS_heavy12_extended,MBD3,227,MBD3,45
BS3_DSS_extended,MBD3,24,MBD3,92
BS3_DSS_extended,MBD3,90,P66A,146
BS3_DSS_heavy12_extended,MBD3,221,MBD3,124
BS3_DSS_extended,MBD3,264,P66A,149
BS3_DSS_heavy12_extended,MBD3,264,MBD3,90
BS3_DSS_extended,MBD3,90,MBD3,109
BS3_DSS_extended,MBD3,90,MBD3,106
BS3_DSS_heavy12_extended,MBD3,92,MBD3,68
BS3_DSS_heavy12_extended,MBD3,114,MBD3,92
BS3_DSS_extended,MBD3,113,MBD3,92
BS3_DSS_extended,MBD3,90,MBD3,4
BS3_DSS_heavy12_extended,MBD3,227,MBD3,45
BS3_DSS_extended,MBD3,221,MBD3,45
BS3_DSS_heavy12_extended,MBD3,264,MBD3,109
BS3_DSS_extended,MBD3,41,MBD3,24
BS3_DSS_extended,MBD3,2,MTA1,159
BS3_DSS_heavy12_extended,MBD3,4,P66A,149
BS3_DSS_heavy12_extended,MBD3,109,MBD3,39
BS3_DSS_heavy12_extended,MBD3,227,MBD3,129
BS3_DSS_extended,MBD3,221,MBD3,129
BS3_DSS_extended,MBD3,92,MBD3,73
BS3_DSS_extended,MBD3,90,MBD3,4
BS3_DSS_extended,MBD3,90,MBD3,221
BS3_DSS_heavy12_extended,MBD3,4,MBD3,39
BS3_DSS_heavy12_extended,MBD3,4,MBD3,109
BS3_DSS_heavy12_extended,MBD3,4,MBD3,106
BS3_DSS_extended,MBD3,41,P66A,163
BS3_DSS_extended,MBD3,264,MBD3,92
BS3_DSS_heavy12_extended,MBD3,264,MBD3,45
BS3_DSS_extended,MBD3,4,MBD3,92
BS3_DSS_extended,MBD3,221,MBD3,90
BS3_DSS_extended,MBD3,90,MBD3,227
BS3_DSS_heavy12_extended,MBD3,39,MBD3,92
BS3_DSS_heavy12_extended,MBD3,41,MBD3,92
BS3_DSS_extended,MBD3,42,MBD3,24
BS3_DSS_extended,MBD3,4,MBD3,92
BS3_DSS_heavy12_extended,MBD3,227,MBD3,90
BS3_DSS_heavy12_extended,MBD3,227,MBD3,92
BS3_DSS_heavy12_extended,MBD3,227,MBD3,106
BS3_DSS_extended,MBD3,227,MBD3,109
BS3_DSS_extended,MBD3,4,MBD3,39
BS3_DSS_heavy12_extended,MBD3,227,MBD3,39
BS3_DSS_extended,MBD3,227,MBD3,41
BS3_DSS_extended,MBD3,221,MBD3,41
BS3_DSS_extended,MBD3,60,MBD3,45
BS3_DSS_heavy12_extended,MBD3,142,MBD3,24
BS3_DSS_extended,MBD3,144,MBD3,27
BS3_DSS_extended,MBD3,39,MBD3,52
BS3_DSS_heavy12_extended,MBD3,90,MBD3,56
BS3_DSS_heavy12_extended,MBD3,221,MBD3,92
BS3_DSS_extended,MBD3,83,MBD3,227
BS3_DSS_extended,MBD3,52,MBD3,129
BS3_DSS_extended,MBD3,142,MBD3,120
BS3_DSS_extended,MBD3,90,MBD3,52
BS3_DSS_heavy12_extended,MBD3,144,MBD3,122
BS3_DSS_extended,MBD3,142,MBD3,122
BS3_DSS_extended,MBD3,142,P66A,172
BS3_DSS_heavy12_extended,MBD3,52,MBD3,66
BS3_DSS_extended,MBD3,90,MBD3,56
BS3_DSS_heavy12_extended,MBD3,142,MBD3,124
BS3_DSS_heavy12_extended,MBD3,142,MBD3,113
BS3_DSS_heavy12_extended,MBD3,142,MBD3,129
BS3_DSS_extended,MBD3,4,MTA1,41
BS3_DSS_extended,MBD3,237,MBD3,27
BS3_DSS_extended,MBD3,52,P66A,149
BS3_DSS_extended,MBD3,90,MBD3,52
BS3_DSS_extended,MBD3,52,MBD3,68
BS3_DSS_extended,MBD3,237,MBD3,120
BS3_DSS_heavy12_extended,MBD3,37,MBD3,142
BS3_DSS_extended,MBD3,39,MBD3,142
BS3_DSS_heavy12_extended,MBD3,114,MBD3,142
BS3_DSS_extended,MBD3,113,MBD3,142
BS3_DSS_heavy12_extended,MBD3,142,P66A,172
BS3_DSS_heavy12_extended,MBD3,144,P66A,146
BS3_DSS_heavy12_extended,MBD3,237,MBD3,124
BS3_DSS_extended,MBD3,90,MBD3,142
BS3_DSS_heavy12_extended,MBD3,142,MBD3,124
BS3_DSS_heavy12_extended,MBD3,237,MBD3,129
BS3_DSS_heavy12_extended,MBD3,56,MBD3,39
BS3_DSS_heavy12_extended,MBD3,237,MBD3,27
BS3_DSS_heavy12_extended,MBD3,237,MBD3,39
BS3_DSS_heavy12_extended,MBD3,52,MBD3,41
BS3_DSS_extended,MBD3,52,MBD3,39
BS3_DSS_extended,MBD3,144,MBD3,68
BS3_DSS_heavy12_extended,MBD3,142,P66A,149
BS3_DSS_heavy12_extended,MBD3,237,MBD3,66
BS3_DSS_extended,MBD3,237,MBD3,68
BS3_DSS_extended,MBD3,144,P66A,149
BS3_DSS_heavy12_extended,MBD3,237,MBD3,124
BS3_DSS_heavy12_extended,MBD3,52,MBD3,92
BS3_DSS_heavy12_extended,MBD3,4,MBD3,142
BS3_DSS_heavy12_extended,MBD3,4,MBD3,144
BS3_DSS_extended,MBD3,90,MBD3,142
BS3_DSS_extended,MBD3,142,MBD3,24
BS3_DSS_heavy12_extended,MBD3,237,MBD3,125
BS3_DSS_extended,MBD3,237,MBD3,129
BS3_DSS_extended,MBD3,237,P66A,149
BS3_DSS_extended,MBD3,142,P66A,149
BS3_DSS_heavy12_extended,MBD3,142,MBD3,68
BS3_DSS_heavy12_extended,MBD3,237,MBD3,24
BS3_DSS_extended,MBD3,237,MBD3,4
BS3_DSS_extended,MBD3,237,P66A,149
BS3_DSS_heavy12_extended,MBD3,144,MBD3,73
BS3_DSS_heavy12_extended,MBD3,142,MBD3,109
BS3_DSS_heavy12_extended,MBD3,237,MBD3,109
BS3_DSS_extended,MBD3,221,MBD3,237
BS3_DSS_heavy12_extended,MBD3,227,MBD3,142
BS3_DSS_extended,MBD3,221,MBD3,142
BS3_DSS_extended,MBD3,227,MBD3,144
BS3_DSS_heavy12_extended,MBD3,142,MBD3,92
BS3_DSS_heavy12_extended,MBD3,237,MBD3,92
BS3_DSS_heavy12_extended,MBD3,142,MBD3,41
BS3_DSS_heavy12_extended,MBD3,237,MBD3,41
BS3_DSS_extended,MBD3,142,MBD3,39
BS3_DSS_extended,MBD3,144,MBD3,41
BS3_DSS_extended,MBD3,237,MBD3,39
BS3_DSS_heavy12_extended,MBD3,142,MBD3,210
BS3_DSS_extended,MBD3,144,MBD3,210
BS3_DSS_heavy12_extended,MBD3,97,MBD3,45
BS3_DSS_extended,MBD3,106,MTA1,237
BS3_DSS_extended,MBD3,106,MTA1,230
BS3_DSS_extended,MBD3,106,MTA1,231
BS3_DSS_heavy12_extended,MBD3,41,MBD3,27
BS3_DSS_extended,MBD3,144,MBD3,227
BS3_DSS_extended,MBD3,90,MBD3,237
BS3_DSS_heavy12_extended,MBD3,237,MBD3,46
BS3_DSS_heavy12_extended,MBD3,237,MBD3,45
BS3_DSS_heavy12_extended,MBD3,237,MBD3,90
BS3_DSS_extended,MBD3,227,MBD3,45
BS3_DSS_heavy12_extended,MBD3,227,MBD3,46
BS3_DSS_heavy12_extended,MBD3,109,MTA1,231
BS3_DSS_extended,MBD3,109,MTA1,230
BS3_DSS_extended,MBD3,4,MBD3,46
BS3_DSS_extended,MBD3,227,MBD3,24
BS3_DSS_heavy12_extended,MBD3,4,MBD3,227
BS3_DSS_extended,MBD3,237,MBD3,227
BS3_DSS_heavy12_extended,MTA1,88,MTA1,104
BS3_DSS_heavy12_extended,MTA1,32,MTA1,343
BS3_DSS_heavy12_extended,MTA1,32,MTA1,343
BS3_DSS_extended,MTA1,32,MTA1,559
BS3_DSS_extended,MTA1,32,MTA1,350
BS3_DSS_heavy12_extended,MTA1,525,MTA1,487
BS3_DSS_extended,MTA1,32,MBD3,46
BS3_DSS_heavy12_extended,MTA1,87,MBD3,45
BS3_DSS_extended,MTA1,193,HDAC1,66
BS3_DSS_heavy12_extended,MTA1,32,MBD3,46
BS3_DSS_extended,MTA1,193,HDAC1,66
BS3_DSS_extended,MTA1,582,MTA1,559
BS3_DSS_heavy12_extended,MTA1,685,MTA1,631
BS3_DSS_extended,MTA1,525,MTA1,560
BS3_DSS_extended,MTA1,549,MTA1,560
BS3_DSS_heavy12_extended,MTA1,172,MBD3,45
BS3_DSS_heavy12_extended,MTA1,172,MBD3,46
BS3_DSS_extended,MTA1,172,HDAC1,412
BS3_DSS_heavy12_extended,MTA1,87,HDAC1,220
BS3_DSS_extended,MTA1,88,HDAC1,220
BS3_DSS_heavy12_extended,MTA1,477,MTA1,559
BS3_DSS_extended,MTA1,477,MTA1,521
BS3_DSS_heavy12_extended,MTA1,509,MTA1,532
BS3_DSS_heavy12_extended,MTA1,509,MTA1,477
BS3_DSS_heavy12_extended,MTA1,303,MTA1,340
BS3_DSS_heavy12_extended,MTA1,477,MTA1,525
BS3_DSS_extended,MTA1,41,MTA1,560
BS3_DSS_extended,MTA1,1,MTA1,13
BS3_DSS_extended,MTA1,1,MTA1,18
BS3_DSS_heavy12_extended,MTA1,41,MBD3,46
BS3_DSS_extended,MTA1,41,MBD3,45
BS3_DSS_heavy12_extended,MTA1,303,MTA1,343
BS3_DSS_heavy12_extended,MTA1,305,MTA1,343
BS3_DSS_heavy12_extended,MTA1,303,MTA1,343
BS3_DSS_extended,MTA1,532,MTA1,549
BS3_DSS_extended,MTA1,305,MTA1,340
BS3_DSS_heavy12_extended,MTA1,560,MBD3,45
BS3_DSS_extended,MTA1,527,MTA1,475
BS3_DSS_extended,MTA1,527,MTA1,477
BS3_DSS_extended,MTA1,527,MTA1,476
BS3_DSS_heavy12_extended,MTA1,208,HDAC1,50
BS3_DSS_extended,MTA1,32,MTA1,343
BS3_DSS_extended,MTA1,549,MTA1,532
BS3_DSS_extended,MTA1,41,MBD3,23
BS3_DSS_extended,MTA1,582,MTA1,561
BS3_DSS_extended,MTA1,434,MTA1,104
BS3_DSS_extended,MTA1,432,MTA1,104
BS3_DSS_extended,MTA1,88,MTA1,442
BS3_DSS_extended,MTA1,449,MTA1,104
BS3_DSS_extended,MTA1,32,MTA1,343
BS3_DSS_heavy12_extended,MTA1,32,MTA1,340
BS3_DSS_extended,MTA1,426,MTA1,104
BS3_DSS_extended,MTA1,431,MTA1,104
BS3_DSS_extended,MTA1,87,MTA1,559
BS3_DSS_extended,MTA1,87,MTA1,560
BS3_DSS_heavy12_extended,MTA1,582,MTA1,104
BS3_DSS_extended,MTA1,32,MTA1,340
BS3_DSS_extended,MTA1,116,MTA1,104
BS3_DSS_heavy12_extended,MTA1,172,MTA1,104
BS3_DSS_extended,MTA1,449,MTA1,559
BS3_DSS_extended,MTA1,431,MTA1,104
BS3_DSS_heavy12_extended,MTA1,449,MTA1,87
BS3_DSS_heavy12_extended,MTA1,431,MTA1,442
BS3_DSS_heavy12_extended,MTA1,670,MTA1,560
BS3_DSS_extended,MTA1,449,MTA1,88
BS3_DSS_extended,MTA1,509,MTA1,104
BS3_DSS_heavy12_extended,MTA1,303,MTA1,343
BS3_DSS_extended,MTA1,172,MTA1,343
BS3_DSS_extended,MTA1,88,MTA1,431
BS3_DSS_extended,MTA1,582,MTA1,340
BS3_DSS_heavy12_extended,MTA1,172,MTA1,559
BS3_DSS_heavy12_extended,MTA1,52,MTA1,104
BS3_DSS_extended,MTA1,172,MTA1,560
BS3_DSS_heavy12_extended,MTA1,431,MTA1,559
BS3_DSS_extended,MTA1,431,MTA1,560
BS3_DSS_heavy12_extended,MTA1,509,MTA1,343
BS3_DSS_heavy12_extended,MTA1,509,MTA1,340
BS3_DSS_heavy12_extended,MTA1,449,MTA1,172
BS3_DSS_heavy12_extended,MTA1,449,MTA1,431
BS3_DSS_heavy12_extended,MTA1,452,MTA1,431
BS3_DSS_heavy12_extended,MTA1,509,MTA1,559
BS3_DSS_extended,MTA1,509,MTA1,560
BS3_DSS_extended,MTA1,449,MTA1,582
BS3_DSS_heavy12_extended,MTA1,88,MTA1,172
BS3_DSS_heavy12_extended,MTA1,88,MTA1,431
BS3_DSS_extended,MTA1,87,MTA1,431
BS3_DSS_heavy12_extended,MTA1,87,MTA1,582
BS3_DSS_extended,MTA1,17,MTA1,104
BS3_DSS_extended,MTA1,87,HDAC1,220
BS3_DSS_heavy12_extended,MTA1,449,MTA1,53
BS3_DSS_extended,MTA1,449,MTA1,52
BS3_DSS_extended,MTA1,452,MTA1,53
BS3_DSS_extended,MTA1,172,MTA1,670
BS3_DSS_heavy12_extended,MTA1,670,MTA1,582
BS3_DSS_heavy12_extended,MTA1,88,MTA1,54
BS3_DSS_extended,MTA1,87,MTA1,54
BS3_DSS_heavy12_extended,MTA1,449,MTA1,54
BS3_DSS_heavy12_extended,MTA1,452,MTA1,54
BS3_DSS_extended,MTA1,476,MTA1,559
BS3_DSS_extended,MTA1,477,MTA1,560
BS3_DSS_heavy12_extended,MTA1,452,MTA1,18
BS3_DSS_heavy12_extended,MTA1,509,MTA1,172
BS3_DSS_heavy12_extended,MTA1,87,MTA1,53
BS3_DSS_heavy12_extended,MTA1,88,MTA1,53
BS3_DSS_extended,MTA1,87,MTA1,52
BS3_DSS_extended,MTA1,88,MTA1,52
BS3_DSS_extended,MTA1,509,MTA1,582
BS3_DSS_extended,MTA1,172,MTA1,582
BS3_DSS_heavy12_extended,MTA1,647,MTA1,559
BS3_DSS_heavy12_extended,MTA1,509,MTA1,476
BS3_DSS_extended,MTA1,527,MTA1,477
BS3_DSS_heavy12_extended,MTA1,476,MTA1,172
BS3_DSS_extended,MTA1,477,MTA1,172
BS3_DSS_extended,MTA1,305,MTA1,340
BS3_DSS_extended,MTA1,431,MTA1,419
BS3_DSS_heavy12_extended,MTA1,33,MTA1,172
BS3_DSS_heavy12_extended,MTA1,41,MTA1,172
BS3_DSS_heavy12_extended,MTA1,644,MTA1,560
BS3_DSS_extended,MTA1,343,MTA1,560
BS3_DSS_extended,MTA1,560,MTA1,340
BS3_DSS_extended,MTA1,560,MTA1,571
BS3_DSS_heavy12_extended,MTA1,559,MBD3,45
BS3_DSS_heavy12_extended,MTA1,88,MTA1,559
BS3_DSS_heavy12_extended,MTA1,57,MTA1,104
BS3_DSS_heavy12_extended,MTA1,582,MTA1,560
BS3_DSS_heavy12_extended,MTA1,444,MTA1,104
BS3_DSS_extended,MTA1,560,MTA1,104
BS3_DSS_extended,MTA1,206,HDAC1,50
BS3_DSS_extended,MTA1,208,HDAC1,50
DMTMM,MTA1,554,RBBP4,314
DMTMM,MTA1,582,MTA1,29
DMTMM,MTA1,582,MTA1,28
DMTMM,MTA1,41,MTA1,28
ADH_heavy8,MTA1,488,MTA1,511
DMTMM,MTA1,540,MTA1,560
DMTMM,MTA1,163,MBD3,46
DMTMM,MTA1,28,MBD3,46
DMTMM,MTA1,554,RBBP4,314
DMTMM,MTA1,509,RBBP4,104
DMTMM,MTA1,41,MTA1,29
DMTMM,MTA1,41,MTA1,28
DMTMM,MTA1,144,MTA1,426
DMTMM,MTA1,444,MTA1,104
DMTMM,MTA1,437,MTA1,104
DMTMM,MTA1,686,RBBP4,19
DMTMM,MTA1,582,RBBP4,124
DMTMM,MTA1,582,RBBP4,314
DMTMM,MTA1,582,RBBP4,20
DMTMM,MTA1,582,RBBP4,19
DMTMM,MTA1,477,MTA1,518
ADH_heavy8,MTA1,511,RBBP4,104
DMTMM,MTA1,509,RBBP4,104
DMTMM,MTA1,527,RBBP4,104
DMTMM,MTA1,532,MTA1,511
ADH,MTA1,518,MTA1,488
ADH,MTA1,518,RBBP4,104
ADH,MTA1,511,RBBP4,104
BS3_DSS_heavy12_extended,MTA1,584,MTA1,618
BS3_DSS_extended,MTA1,631,MTA1,618
BS3_DSS_extended,MTA1,630,MTA1,618
BS3_DSS_extended,MTA1,670,MTA1,618
BS3_DSS_extended,MTA1,644,MTA1,618
BS3_DSS_heavy12_extended,MTA1,596,MTA1,686
BS3_DSS_heavy12_extended,MTA1,549,RBBP4,309
BS3_DSS_heavy12_extended,MTA1,584,MTA1,686
BS3_DSS_heavy12_extended,MTA1,532,MTA1,618
BS3_DSS_heavy12_extended,MTA1,305,MTA1,343
BS3_DSS_heavy12_extended,MTA1,596,MTA1,532
BS3_DSS_heavy12_extended,MTA1,685,MTA1,670
BS3_DSS_extended,MTA1,596,MTA1,626
BS3_DSS_extended,MTA1,686,MTA1,644
BS3_DSS_heavy12_extended,MTA1,582,MTA1,618
BS3_DSS_extended,MTA1,584,MTA1,532
BS3_DSS_heavy12_extended,MTA1,596,MTA1,576
BS3_DSS_extended,MTA1,597,MTA1,576
BS3_DSS_heavy12_extended,MTA1,626,RBBP4,215
BS3_DSS_extended,MTA1,686,MTA1,603
BS3_DSS_extended,MTA1,626,MTA1,670
BS3_DSS_heavy12_extended,MTA1,527,MTA1,618
BS3_DSS_heavy12_extended,MTA1,626,MTA1,644
BS3_DSS_extended,MTA1,686,MTA1,532
BS3_DSS_heavy12_extended,MTA1,626,MTA1,686
BS3_DSS_extended,MTA1,626,MTA1,685
BS3_DSS_extended,MTA1,626,MTA1,460
BS3_DSS_heavy12_extended,MTA1,582,MTA1,670
BS3_DSS_extended,MTA1,475,MTA1,521
BS3_DSS_heavy12_extended,MTA1,509,MTA1,460
BS3_DSS_extended,MTA1,505,MTA1,460
BS3_DSS_extended,MTA1,509,MTA1,462
BS3_DSS_extended,MTA1,582,MTA1,686
BS3_DSS_extended,MTA1,576,MTA1,462
BS3_DSS_heavy12_extended,MTA1,475,MTA1,532
BS3_DSS_heavy12_extended,MTA1,477,MTA1,532
BS3_DSS_extended,MTA1,527,MTA1,670
BS3_DSS_heavy12_extended,MTA1,626,MTA1,532
BS3_DSS_extended,MTA1,509,MTA1,626
BS3_DSS_heavy12_extended,MTA1,578,MTA1,626
BS3_DSS_heavy12_extended,MTA1,527,MTA1,476
BS3_DSS_heavy12_extended,MTA1,578,MTA1,532
BS3_DSS_extended,MTA1,582,MTA1,532
BS3_DSS_extended,MTA1,509,MTA1,520
BS3_DSS_heavy12_extended,MTA1,561,MTA1,532
BS3_DSS_heavy12_extended,MTA1,562,MTA1,532
BS3_DSS_heavy12_extended,MTA1,522,MTA1,626
BS3_DSS_heavy12_extended,MTA1,549,MTA1,532
BS3_DSS_heavy12_extended,MTA1,557,MTA1,532
BS3_DSS_heavy12_extended,MTA1,558,MTA1,532
BS3_DSS_extended,MTA1,555,MTA1,532
BS3_DSS_heavy12_extended,MTA1,596,MTA1,618
BS3_DSS_heavy12_extended,MTA1,686,MTA1,631
BS3_DSS_extended,MTA1,513,MTA1,527
BS3_DSS_heavy12_extended,MTA1,532,MTA1,603
BS3_DSS_extended,MTA1,505,MTA1,532
BS3_DSS_heavy12_extended,MTA1,520,MTA1,532
BS3_DSS_heavy12_extended,MTA1,582,MTA1,596
BS3_DSS_extended,MTA1,543,MTA1,532
BS3_DSS_extended,MTA1,549,MTA1,522
BS3_DSS_heavy12_extended,MTA1,549,MTA1,562
BS3_DSS_heavy12_extended,MTA1,505,MTA1,462
BS3_DSS_extended,MTA1,476,MTA1,532
BS3_DSS_heavy12_extended,MTA1,505,MTA1,477
BS3_DSS_heavy12_extended,MTA1,520,MTA1,670
BS3_DSS_heavy12_extended,MTA1,476,MTA1,520
BS3_DSS_extended,MTA1,505,MTA1,626
BS3_DSS_extended,MTA1,509,MTA1,532
BS3_DSS_heavy12_extended,MTA1,527,MTA1,475
BS3_DSS_extended,MTA1,505,MTA1,522
BS3_DSS_extended,MTA1,527,MTA1,626
BS3_DSS_extended,MTA1,509,MTA1,527
BS3_DSS_extended,MTA1,554,MTA1,532
BS3_DSS_heavy12_extended,MTA1,554,MTA1,522
BS3_DSS_extended,MTA1,561,MTA1,532
BS3_DSS_extended,MTA1,32,MBD3,45
BS3_DSS_heavy12_extended,MTA1,32,MBD3,66
BS3_DSS_heavy12_extended,MTA1,476,MTA1,521
BS3_DSS_extended,MTA1,41,MBD3,66
BS3_DSS_extended,MTA1,328,MTA1,343
BS3_DSS_extended,MTA1,331,MTA1,343
BS3_DSS_extended,MTA1,343,MBD3,27
BS3_DSS_extended,MTA1,343,MBD3,45
BS3_DSS_heavy12_extended,MTA1,343,MBD3,24
BS3_DSS_heavy12_extended,MTA1,443,MTA1,104
BS3_DSS_extended,MTA1,442,MTA1,104
BS3_DSS_heavy12_extended,MTA1,53,MTA1,104
BS3_DSS_extended,MTA1,343,MBD3,45
BS3_DSS_extended,MTA1,32,MTA1,343
BS3_DSS_heavy12_extended,MTA1,32,MTA1,343
BS3_DSS_heavy12_extended,MTA1,186,HDAC1,65
BS3_DSS_heavy12_extended,MTA1,32,MTA1,349
BS3_DSS_heavy12_extended,MTA1,193,HDAC1,58
BS3_DSS_heavy12_extended,MTA1,172,MTA1,104
BS3_DSS_heavy12_extended,MTA1,186,HDAC1,66
BS3_DSS_heavy12_extended,MTA1,193,HDAC1,65
BS3_DSS_heavy12_extended,MTA1,53,MTA1,104
BS3_DSS_heavy12_extended,MTA1,449,MTA1,462
BS3_DSS_heavy12_extended,MTA1,32,MBD3,68
BS3_DSS_extended,MTA1,33,MBD3,68
BS3_DSS_extended,MTA1,32,MBD3,66
BS3_DSS_heavy12_extended,MTA1,193,MTA1,172
BS3_DSS_extended,MTA1,32,MBD3,41
BS3_DSS_heavy12_extended,MTA1,172,HDAC1,88
BS3_DSS_extended,MTA1,172,HDAC1,89
BS3_DSS_extended,MTA1,172,MBD3,45
BS3_DSS_heavy12_extended,MTA1,172,HDAC1,89
BS3_DSS_heavy12_extended,MTA1,172,HDAC1,88
BS3_DSS_heavy12_extended,MTA1,52,MTA1,104
BS3_DSS_extended,MTA1,172,HDAC1,88
BS3_DSS_heavy12_extended,MTA1,88,MTA1,61
BS3_DSS_extended,MTA1,87,MTA1,61
BS3_DSS_extended,MTA1,352,MTA1,32
BS3_DSS_extended,MTA1,18,MBD3,24
BS3_DSS_extended,MTA1,172,HDAC1,74
BS3_DSS_heavy12_extended,MTA1,41,MBD3,45
BS3_DSS_extended,MTA1,647,RBBP4,120
BS3_DSS_heavy12_extended,MTA1,172,MTA1,159
BS3_DSS_heavy12_extended,MTA1,305,MTA1,343
BS3_DSS_heavy12_extended,MTA1,305,MTA1,343
BS3_DSS_extended,MTA1,305,MBD3,24
BS3_DSS_extended,MTA1,476,MTA1,525
BS3_DSS_extended,MTA1,172,MTA1,197
BS3_DSS_heavy12_extended,MTA1,57,HDAC1,220
BS3_DSS_heavy12_extended,MTA1,305,MBD3,45
BS3_DSS_heavy12_extended,MTA1,372,MTA1,362
BS3_DSS_extended,MTA1,373,MTA1,359
BS3_DSS_heavy12_extended,MTA1,41,MBD3,41
BS3_DSS_heavy12_extended,MTA1,87,HDAC1,220
BS3_DSS_extended,MTA1,87,HDAC1,221
BS3_DSS_heavy12_extended,MTA1,331,MTA1,343
BS3_DSS_extended,MTA1,549,MTA1,560
BS3_DSS_extended,MTA1,332,MTA1,343
BS3_DSS_extended,MTA1,331,MTA1,343
BS3_DSS_extended,MTA1,331,MBD3,45
BS3_DSS_heavy12_extended,MTA1,331,MTA1,343
BS3_DSS_extended,MTA1,554,MBD3,45
BS3_DSS_extended,MTA1,327,MTA1,343
BS3_DSS_extended,MTA1,331,MTA1,343
BS3_DSS_extended,MTA1,331,MTA1,343
BS3_DSS_extended,MTA1,331,MTA1,343
BS3_DSS_extended,MTA1,331,MTA1,343
BS3_DSS_heavy12_extended,MTA1,539,MTA1,560
BS3_DSS_extended,MTA1,57,MTA1,104
BS3_DSS_heavy12_extended,MTA1,33,MTA1,343
BS3_DSS_extended,MTA1,52,MTA1,104
BS3_DSS_extended,MTA1,32,MBD3,45
BS3_DSS_extended,MTA1,172,HDAC1,85
BS3_DSS_extended,MTA1,230,MBD3,106
BS3_DSS_extended,MTA1,172,HDAC1,89
BS3_DSS_heavy12_extended,MTA1,52,MTA1,104
BS3_DSS_extended,MTA1,87,MTA1,104
BS3_DSS_heavy12_extended,MTA1,303,MTA1,343
BS3_DSS_extended,P66A,75,P66A,30
BS3_DSS_extended,P66A,204,MTA1,32
BS3_DSS_extended,P66A,204,MTA1,32
BS3_DSS_heavy12_extended,P66A,30,P66A,12
BS3_DSS_extended,P66A,204,MBD3,109
BS3_DSS_extended,P66A,168,MBD3,92
BS3_DSS_extended,P66A,172,MBD3,92
BS3_DSS_extended,P66A,204,MBD3,92
BS3_DSS_heavy12_extended,P66A,27,P66A,12
BS3_DSS_heavy12_extended,P66A,233,P66A,204
BS3_DSS_heavy12_extended,P66A,32,P66A,12
BS3_DSS_extended,P66A,182,MBD3,92
BS3_DSS_extended,P66A,172,MBD3,66
BS3_DSS_extended,P66A,172,MBD3,106
BS3_DSS_heavy12_extended,P66A,146,MBD3,45
BS3_DSS_extended,P66A,172,MBD3,92
BS3_DSS_heavy12_extended,P66A,172,MBD3,92
BS3_DSS_heavy12_extended,P66A,168,MBD3,92
BS3_DSS_extended,P66A,168,MBD3,124
BS3_DSS_heavy12_extended,P66A,172,MBD3,24
BS3_DSS_extended,P66A,168,MBD3,24
BS3_DSS_extended,P66A,172,MBD3,125
BS3_DSS_extended,P66A,172,MBD3,129
BS3_DSS_extended,P66A,172,MBD3,45
BS3_DSS_heavy12_extended,P66A,175,MBD3,92
BS3_DSS_extended,P66A,149,MBD3,27
BS3_DSS_extended,P66A,149,MBD3,124
BS3_DSS_extended,P66A,149,MBD3,125
BS3_DSS_extended,P66A,149,MBD3,124
BS3_DSS_extended,P66A,149,MBD3,45
BS3_DSS_extended,P66A,149,MBD3,24
BS3_DSS_heavy12_extended,P66A,149,MBD3,129
BS3_DSS_extended,P66A,149,MBD3,125
BS3_DSS_extended,P66A,146,MBD3,45
BS3_DSS_heavy12_extended,P66A,149,MBD3,45
BS3_DSS_heavy12_extended,P66A,146,MBD3,46
BS3_DSS_heavy12_extended,P66A,149,MBD3,68
BS3_DSS_heavy12_extended,P66A,149,MBD3,66
BS3_DSS_extended,P66A,149,MBD3,109
BS3_DSS_extended,P66A,149,MBD3,39
BS3_DSS_extended,P66A,149,MBD3,41
BS3_DSS_heavy12_extended,P66A,146,MBD3,106
BS3_DSS_extended,P66A,146,MBD3,41
BS3_DSS_extended,P66A,149,MBD3,92
BS3_DSS_extended,P66A,146,MBD3,92
BS3_DSS_extended,P66A,146,MBD3,142
BS3_DSS_heavy12_extended,P66A,146,MBD3,144
BS3_DSS_extended,P66A,158,MBD3,142
BS3_DSS_heavy12_extended,RBBP4,156,RBBP4,120
BS3_DSS_heavy12_extended,RBBP4,159,RBBP4,120
BS3_DSS_heavy12_extended,RBBP4,160,RBBP4,120
BS3_DSS_heavy12_extended,RBBP4,156,RBBP4,120
ADH_heavy8,RBBP4,104,RBBP4,60
DMTMM,RBBP4,314,MTA1,560
DMTMM,RBBP4,314,MTA1,560
DMTMM,RBBP4,124,RBBP4,215
ADH_heavy8,RBBP4,9,RBBP4,20
ADH,RBBP4,5,RBBP4,20
ADH,RBBP4,314,MTA1,511
ADH,RBBP4,314,MTA1,511
ADH,RBBP4,162,RBBP4,213
ADH,RBBP4,124,RBBP4,314
ADH,RBBP4,148,RBBP4,124
DMTMM,RBBP4,9,MTA1,462
DMTMM,RBBP4,10,MTA1,462
DMTMM,RBBP4,5,MTA1,462
ADH,RBBP4,166,RBBP4,148
DMTMM,RBBP4,5,MTA1,686
DMTMM,RBBP4,13,MTA1,462
DMTMM,RBBP4,14,MTA1,462
DMTMM,RBBP4,104,MTA1,686
DMTMM,RBBP4,148,RBBP4,215
DMTMM,RBBP4,104,MTA1,532
ADH,RBBP4,153,RBBP4,213
DMTMM,RBBP4,352,MTA1,532
ADH_heavy8,RBBP4,166,RBBP4,124
ADH_heavy8,RBBP4,5,RBBP4,126
ADH_heavy8,RBBP4,5,RBBP4,314
BS3_DSS_extended,RBBP4,164,RBBP4,215
BS3_DSS_extended,RBBP4,160,RBBP4,215
BS3_DSS_extended,RBBP4,120,RBBP4,160
BS3_DSS_extended,RBBP4,160,MTA1,460
BS3_DSS_heavy12_extended,RBBP4,22,MTA1,686
BS3_DSS_extended,RBBP4,120,MTA1,644
BS3_DSS_heavy12_extended,RBBP4,120,MTA1,460
BS3_DSS_extended,RBBP4,120,MTA1,462
BS3_DSS_extended,RBBP4,22,MTA1,685
BS3_DSS_extended,RBBP4,21,MTA1,686
BS3_DSS_heavy12_extended,RBBP4,154,RBBP4,120
BS3_DSS_extended,RBBP4,215,MTA1,618
BS3_DSS_extended,RBBP4,159,RBBP4,215
BS3_DSS_heavy12_extended,RBBP4,154,RBBP4,215
BS3_DSS_heavy12_extended,RBBP4,159,RBBP4,215
BS3_DSS_heavy12_extended,RBBP4,164,RBBP4,120
BS3_DSS_heavy12_extended,RBBP4,160,RBBP4,120
BS3_DSS_heavy12_extended,RBBP4,159,RBBP4,120
BS3_DSS_extended,RBBP4,154,RBBP4,215
BS3_DSS_extended,RBBP4,22,MTA1,686
BS3_DSS_heavy12_extended,RBBP4,315,MTA1,549
BS3_DSS_extended,RBBP4,317,MTA1,549
BS3_DSS_extended,RBBP4,96,MTA1,509
BS3_DSS_heavy12_extended,RBBP4,317,MTA1,686
BS3_DSS_heavy12_extended,RBBP4,155,RBBP4,120
BS3_DSS_extended,RBBP4,315,MTA1,686
BS3_DSS_heavy12_extended,RBBP4,262,RBBP4,215
BS3_DSS_heavy12_extended,RBBP4,315,MTA1,626
BS3_DSS_heavy12_extended,RBBP4,317,MTA1,626
BS3_DSS_extended,RBBP4,263,MTA1,532
BS3_DSS_extended,RBBP4,100,MTA1,505
BS3_DSS_extended,RBBP4,96,MTA1,505
BS3_DSS_heavy12_extended,RBBP4,98,MTA1,505
BS3_DSS_extended,RBBP4,178,MTA1,626
BS3_DSS_heavy12_extended,RBBP4,197,MTA1,626
BS3_DSS_extended,RBBP4,197,RBBP4,154
BS3_DSS_extended,RBBP4,26,MTA1,509
BS3_DSS_extended,RBBP4,120,RBBP4,164
BS3_DSS_extended,RBBP4,154,RBBP4,120
BS3_DSS_extended,RBBP4,160,RBBP4,120
BS3_DSS_extended,RBBP4,195,RBBP4,155
BS3_DSS_heavy12_extended,RBBP4,195,RBBP4,155
BS3_DSS_extended,RBBP4,197,RBBP4,154
